task,metric,model,model_label,spatial_score,random_score,score_delta_random_minus_spatial
landuse,F1_macro,aether,AETHER,0.9883759191423189,0.8519022083520958,-0.13647371079022308
landuse,F1_macro,alphaearth,AlphaEarth,1.0,0.9115982718711453,-0.08840172812885472
landuse,F1_macro,tessera,TESSERA,0.897385384760054,0.9343363426323773,0.036950957872323276
landuse,F1_macro,satclip,SatCLIP,0.0,0.0,0.0
landuse,F1_macro,muse,MuseCL,0.1912592216410018,0.1712854033677462,-0.01997381827325559
landuse,F1_macro,urban2vec,Urban2Vec,0.15153358214632415,0.5649700355980278,0.41343645345170366
landuse,F1_macro,cityfm,CityFM,0.24326940586205437,0.5160772376325814,0.27280783177052703
landuse,F1_macro,calliper,CaLLiPer,0.3438577452372511,1.0,0.6561422547627489
landuse,F1_macro,space2vec,Space2Vec,0.24802478937102,0.92503865683519,0.67701386746417
landuse,F1_macro,place2vec,Place2Vec,0.25402565683518585,0.42756192151418393,0.17353626467899808
landuse,F1_macro,sphere2vec_fixed,PE,0.1746928448101129,0.3891897899691049,0.214496945158992
road_density,R2,aether,AETHER,0.8837551920238798,0.921824519521493,0.03806932749761327
road_density,R2,alphaearth,AlphaEarth,0.9459839840249197,0.9512474284677125,0.005263444442792808
road_density,R2,tessera,TESSERA,1.0,1.0,0.0
road_density,R2,satclip,SatCLIP,0.0,0.0,0.0
road_density,R2,muse,MuseCL,0.30788237382159206,0.16027396812924238,-0.14760840569234968
road_density,R2,urban2vec,Urban2Vec,0.2780161376195689,0.32601008578664176,0.047993948167072864
road_density,R2,cityfm,CityFM,0.20599899297752367,0.30210711781675026,0.0961081248392266
road_density,R2,calliper,CaLLiPer,0.15901761933123948,0.5989653143850949,0.43994769505385545
road_density,R2,space2vec,Space2Vec,0.08164751995552592,0.5503980332940633,0.4687505133385374
road_density,R2,place2vec,Place2Vec,0.25980037137989825,0.25639673491993503,-0.003403636459963222
road_density,R2,sphere2vec_fixed,PE,0.12931202402951103,0.19491833795449767,0.06560631392498664
population,R2,aether,AETHER,0.9990169426697894,0.9358892410065476,-0.06312770166324178
population,R2,alphaearth,AlphaEarth,1.0,0.8918546599185783,-0.10814534008142174
population,R2,tessera,TESSERA,0.9678003237036996,0.8583831713004223,-0.10941715240327732
population,R2,satclip,SatCLIP,0.0,0.0,0.0
population,R2,muse,MuseCL,0.3814541934467723,0.24099848662858864,-0.14045570681818365
population,R2,urban2vec,Urban2Vec,0.33738329686387136,0.5189262703661688,0.18154297350229742
population,R2,cityfm,CityFM,0.2573301237531607,0.4936826151190755,0.2363524913659148
population,R2,calliper,CaLLiPer,0.36864109632047,1.0,0.63135890367953
population,R2,space2vec,Space2Vec,0.24058031260735505,0.9568826880249617,0.7163023754176067
population,R2,place2vec,Place2Vec,0.35320577145950016,0.39782134261869184,0.04461557115919168
population,R2,sphere2vec_fixed,PE,0.17350232610718497,0.3118557639385585,0.13835343783137355
age_distribution,KL,aether,AETHER,1.0,0.49598817030161735,-0.5040118296983827
age_distribution,KL,alphaearth,AlphaEarth,0.739593620754043,0.36790371915171666,-0.37168990160232634
age_distribution,KL,tessera,TESSERA,0.6678964982837242,0.34139461200256055,-0.32650188628116367
age_distribution,KL,satclip,SatCLIP,0.34006427163249914,0.0,-0.34006427163249914
age_distribution,KL,muse,MuseCL,0.0,0.05077978863761701,0.05077978863761701
age_distribution,KL,urban2vec,Urban2Vec,0.2437070596954274,0.6431009161700305,0.3993938564746031
age_distribution,KL,cityfm,CityFM,0.5604104712937691,0.6406356567004857,0.08022518540671664
age_distribution,KL,calliper,CaLLiPer,0.9347230290484261,1.0,0.06527697095157392
age_distribution,KL,space2vec,Space2Vec,0.5440409840827474,0.9426891191351191,0.39864813505237173
age_distribution,KL,place2vec,Place2Vec,0.4083575385508455,0.3580722424331347,-0.05028529611771082
age_distribution,KL,sphere2vec_fixed,PE,0.7067822066716307,0.422435750628647,-0.2843464560429837
gdp,R2,aether,AETHER,1.0,1.0,0.0
gdp,R2,alphaearth,AlphaEarth,0.8166148471205786,0.8334566284621725,0.016841781341593864
gdp,R2,tessera,TESSERA,0.7753951407010727,0.8589359255014895,0.08354078480041671
gdp,R2,satclip,SatCLIP,0.0,0.0,0.0
gdp,R2,muse,MuseCL,0.4529305324914364,0.43184798853329154,-0.02108254395814485
gdp,R2,urban2vec,Urban2Vec,0.4237168400856105,0.45822483122327246,0.03450799113766195
gdp,R2,cityfm,CityFM,0.26827234208444384,0.4913690842182755,0.22309674213383168
gdp,R2,calliper,CaLLiPer,0.3524308928998316,0.5807889315392852,0.22835803863945364
gdp,R2,space2vec,Space2Vec,0.2752964014281954,0.45521827740559034,0.17992187597739495
gdp,R2,place2vec,Place2Vec,0.25739722239095847,0.31153232792206104,0.05413510553110257
gdp,R2,sphere2vec_fixed,PE,0.17874056655002526,0.30926346684081196,0.1305229002907867
nightlight,R2,aether,AETHER,0.8033151824493779,0.7088999496202972,-0.09441523282908071
nightlight,R2,alphaearth,AlphaEarth,1.0,0.9184621659880575,-0.08153783401194248
nightlight,R2,tessera,TESSERA,0.9049193537380109,0.8468720966416269,-0.05804725709638403
nightlight,R2,satclip,SatCLIP,0.0,0.0,0.0
nightlight,R2,muse,MuseCL,0.4526229971050444,0.5751592065819091,0.12253620947686472
nightlight,R2,urban2vec,Urban2Vec,0.42307015629670847,0.8086827851235379,0.3856126288268294
nightlight,R2,cityfm,CityFM,0.5095667167223227,0.8309831157694311,0.3214163990471084
nightlight,R2,calliper,CaLLiPer,0.5017152475971873,1.0,0.49828475240281267
nightlight,R2,space2vec,Space2Vec,0.39853305309120945,0.7708227306843882,0.37228967759317877
nightlight,R2,place2vec,Place2Vec,0.3954664996878237,0.4235696927612404,0.028103193073416688
nightlight,R2,sphere2vec_fixed,PE,0.2796358225396986,0.49612396684439847,0.21648814430469987
pm25,R2,aether,AETHER,1.0,1.0,0.0
pm25,R2,alphaearth,AlphaEarth,0.668397623907577,0.7461303445260168,0.07773272061843983
pm25,R2,tessera,TESSERA,0.6798025528720405,0.8173594963577571,0.13755694348571657
pm25,R2,satclip,SatCLIP,0.0,0.30380288470759376,0.30380288470759376
pm25,R2,muse,MuseCL,0.012887067671436304,0.0,-0.012887067671436304
pm25,R2,urban2vec,Urban2Vec,0.067970288364191,0.11507743466029245,0.04710714629610145
pm25,R2,cityfm,CityFM,0.5904279504432786,0.8381395682505358,0.24771161780725726
pm25,R2,calliper,CaLLiPer,0.5529860666932163,0.8704511840299495,0.3174651173367332
pm25,R2,space2vec,Space2Vec,0.3811504049281107,0.7738167318154974,0.3926663268873867
pm25,R2,place2vec,Place2Vec,0.05851647432713134,0.10782806386755792,0.049311589540426574
pm25,R2,sphere2vec_fixed,PE,0.8590176390122634,0.9106314861861183,0.051613847173854976
lst_day_mean,R2,aether,AETHER,0.9755073086442422,0.6470576916601896,-0.3284496169840526
lst_day_mean,R2,alphaearth,AlphaEarth,1.0,0.638130945318305,-0.36186905468169495
lst_day_mean,R2,tessera,TESSERA,0.8818739364597866,0.6288300331784564,-0.2530439032813302
lst_day_mean,R2,satclip,SatCLIP,0.12488485352571693,0.16371224278192417,0.03882738925620724
lst_day_mean,R2,muse,MuseCL,0.05780229787047805,0.0,-0.05780229787047805
lst_day_mean,R2,urban2vec,Urban2Vec,0.0,0.709702397933041,0.709702397933041
lst_day_mean,R2,cityfm,CityFM,0.9641148121233356,0.6335070298862824,-0.3306077822370532
lst_day_mean,R2,calliper,CaLLiPer,0.813322298677677,1.0,0.18667770132232298
lst_day_mean,R2,space2vec,Space2Vec,0.4914166059849359,0.9826405360723351,0.49122393008739923
lst_day_mean,R2,place2vec,Place2Vec,0.0022534625222737515,0.4281016154547191,0.4258481529324453
lst_day_mean,R2,sphere2vec_fixed,PE,0.646100807501281,0.8010730980837742,0.1549722905824933
