task,metric,higher_is_better,model,model_label,spatial_mean,spatial_rank,random_mean,random_rank,task_title,raw_delta_random_minus_spatial
landuse,F1_macro,True,aether,AETHER,0.3433090266861138,1.625,0.495965265151813,4.0,LUC,0.1526562384656992
landuse,F1_macro,True,alphaearth,AlphaEarth,0.3460894207809347,1.75,0.5197447891015428,2.875,LUC,0.17365536832060807
landuse,F1_macro,True,tessera,TESSERA,0.3215447644120886,2.75,0.5288023461055289,3.0,LUC,0.20725758169344027
landuse,F1_macro,True,satclip,SatCLIP,0.1068968232016058,10.75,0.1566157708610885,10.875,LUC,0.04971894765948269
landuse,F1_macro,True,muse,MuseCL,0.1526446132369176,7.5,0.2248461551028016,10.125,LUC,0.07220154186588398
landuse,F1_macro,True,urban2vec,Urban2Vec,0.1431425343356857,8.375,0.3816677709497694,5.625,LUC,0.2385252366140837
landuse,F1_macro,True,cityfm,CityFM,0.1650850643013306,7.0,0.3621916549104325,6.625,LUC,0.19710659060910188
landuse,F1_macro,True,calliper,CaLLiPer,0.189145050482675,5.5,0.5549590207831141,2.75,LUC,0.3658139703004391
landuse,F1_macro,True,space2vec,Space2Vec,0.166222516835326,6.875,0.5250986757283235,3.875,LUC,0.3588761588929975
landuse,F1_macro,True,place2vec,Place2Vec,0.1676578799118091,6.375,0.3269321762199546,7.875,LUC,0.15927429630814546
landuse,F1_macro,True,sphere2vec_fixed,PE,0.1486820585302593,7.5,0.3116468966338523,8.375,LUC,0.16296483810359302
road_density,R2,True,aether,AETHER,0.565861602127552,2.875,0.6392196297645568,2.75,RDE,0.07335802763700483
road_density,R2,True,alphaearth,AlphaEarth,0.6006402269005776,2.125,0.6540952622890472,2.0,RDE,0.05345503538846963
road_density,R2,True,tessera,TESSERA,0.6308288693428039,1.0,0.6787435844540596,1.25,RDE,0.04791471511125567
road_density,R2,True,satclip,SatCLIP,0.0719456955790519,10.625,0.1731636449694633,11.0,RDE,0.1012179493904114
road_density,R2,True,muse,MuseCL,0.2440159738063812,4.75,0.2541949480772018,9.75,RDE,0.010178974270820568
road_density,R2,True,urban2vec,Urban2Vec,0.2273242369294166,5.375,0.3379878044128417,6.125,RDE,0.1106635674834251
road_density,R2,True,cityfm,CityFM,0.1870750665664672,7.25,0.3259029433131217,6.875,RDE,0.1388278767466545
road_density,R2,True,calliper,CaLLiPer,0.1608179673552512,7.5,0.4759884923696518,4.0,RDE,0.31517052501440057
road_density,R2,True,space2vec,Space2Vec,0.1175771206617355,9.875,0.4514338493347167,5.0,RDE,0.3338567286729812
road_density,R2,True,place2vec,Place2Vec,0.2171437516808509,6.0,0.3027926906943321,8.125,RDE,0.08564893901348122
road_density,R2,True,sphere2vec_fixed,PE,0.1442160099744796,8.625,0.2717104464769363,9.125,RDE,0.12749443650245673
population,R2,True,aether,AETHER,0.6942109286785125,1.75,0.7868179216980935,2.625,POP,0.09260699301958097
population,R2,True,alphaearth,AlphaEarth,0.694828599691391,1.5,0.7619090124964714,3.25,POP,0.06708041280508037
population,R2,True,tessera,TESSERA,0.6745970159769059,2.75,0.7429752960801125,4.5,POP,0.06837828010320657
population,R2,True,satclip,SatCLIP,0.0665122300386428,10.625,0.2574162662029265,10.875,POP,0.1909040361642837
population,R2,True,muse,MuseCL,0.3061861440539359,5.5,0.3937411561608314,9.75,POP,0.08755501210689548
population,R2,True,urban2vec,Urban2Vec,0.2784956783056259,6.75,0.5509557306766509,6.125,POP,0.27246005237102505
population,R2,True,cityfm,CityFM,0.2281969591975212,8.25,0.5366762280464172,6.875,POP,0.30847926884889604
population,R2,True,calliper,CaLLiPer,0.2981354653835296,6.0,0.8230832621455193,1.625,POP,0.5249477967619898
population,R2,True,space2vec,Space2Vec,0.2176727786660194,7.75,0.7986932218074798,3.0,POP,0.5810204431414604
population,R2,True,place2vec,Place2Vec,0.2884371981024742,6.5,0.4824506700038909,8.375,POP,0.1940134719014167
population,R2,True,sphere2vec_fixed,PE,0.1755265817046165,8.625,0.4338227793574333,9.0,POP,0.2582961976528168
age_distribution,KL,False,aether,AETHER,0.0369700834291335,2.25,0.0217093445450792,5.25,AGE*,-0.015260738884054301
age_distribution,KL,False,alphaearth,AlphaEarth,0.0394406624443257,5.25,0.0251367974100945,8.0,AGE*,-0.014303865034231204
age_distribution,KL,False,tessera,TESSERA,0.0401208815953993,5.75,0.0258461631014932,8.0,AGE*,-0.014274718493906102
age_distribution,KL,False,satclip,SatCLIP,0.0432311564742772,8.0,0.0349816509027373,10.5,AGE*,-0.008249505571539903
age_distribution,KL,False,muse,MuseCL,0.0464574816347616,10.75,0.0336228182693587,9.75,AGE*,-0.012834663365402899
age_distribution,KL,False,urban2vec,Urban2Vec,0.0441453357139083,8.75,0.0177727074452578,3.5,AGE*,-0.0263726282686505
age_distribution,KL,False,cityfm,CityFM,0.0411406443349939,5.75,0.0178386761132424,3.5,AGE*,-0.0233019682217515
age_distribution,KL,False,calliper,CaLLiPer,0.0375893920462083,2.5,0.0082223305149405,1.0,AGE*,-0.0293670615312678
age_distribution,KL,False,space2vec,Space2Vec,0.0412959481785868,5.5,0.0097559307377107,2.0,AGE*,-0.031540017440876096
age_distribution,KL,False,place2vec,Place2Vec,0.0425832310562596,6.5,0.0253998810454922,8.25,AGE*,-0.0171833500107674
age_distribution,KL,False,sphere2vec_fixed,PE,0.0397519573954153,5.0,0.0236775573084059,6.25,AGE*,-0.016074400087009402
gdp,R2,True,aether,AETHER,0.7498633369803429,1.125,0.8427497267723083,1.125,GDP,0.0928863897919654
gdp,R2,True,alphaearth,AlphaEarth,0.6118611946702004,2.25,0.7217724740505219,2.625,GDP,0.10991127938032152
gdp,R2,True,tessera,TESSERA,0.5808422833681106,3.0,0.7402806580066681,2.25,GDP,0.15943837463855748
gdp,R2,True,satclip,SatCLIP,-0.002662917971611,10.75,0.1163488402962684,11.0,GDP,0.1190117582678794
gdp,R2,True,muse,MuseCL,0.3381791993975639,5.625,0.4300436019897461,7.125,GDP,0.0918644025921822
gdp,R2,True,urban2vec,Urban2Vec,0.3161951288580894,5.0,0.4492037639021873,6.5,GDP,0.13300863504409788
gdp,R2,True,cityfm,CityFM,0.199219062924385,7.25,0.4732797786593437,6.25,GDP,0.2740607157349587
gdp,R2,True,calliper,CaLLiPer,0.2625505819916724,6.75,0.5382344350218773,4.625,GDP,0.2756838530302049
gdp,R2,True,space2vec,Space2Vec,0.2045048519968986,8.0,0.4470198005437851,7.0,GDP,0.2425149485468865
gdp,R2,True,place2vec,Place2Vec,0.1910352498292922,7.875,0.3426461994647979,9.125,GDP,0.1516109496355057
gdp,R2,True,sphere2vec_fixed,PE,0.13184405118227,8.375,0.3409980967640876,8.375,GDP,0.2091540455818176
nightlight,R2,True,aether,AETHER,0.5371981993317604,3.125,0.6702268406748771,6.125,NTL,0.13302864134311676
nightlight,R2,True,alphaearth,AlphaEarth,0.6500194624066353,1.125,0.7754106998443604,2.375,NTL,0.12539123743772507
nightlight,R2,True,tessera,TESSERA,0.5954798251390456,2.25,0.7394780784845352,4.0,NTL,0.14399825334548955
nightlight,R2,True,satclip,SatCLIP,0.0764049634337425,10.75,0.3144144535064697,11.0,NTL,0.23800949007272718
nightlight,R2,True,muse,MuseCL,0.3360360771417617,6.75,0.603099437057972,8.0,NTL,0.2670633599162103
nightlight,R2,True,urban2vec,Urban2Vec,0.3190841391682624,7.125,0.720310027897358,4.875,NTL,0.4012258887290956
nightlight,R2,True,cityfm,CityFM,0.3686998203396797,5.875,0.7315030515193939,4.375,NTL,0.3628032311797142
nightlight,R2,True,calliper,CaLLiPer,0.364196103811264,5.5,0.8163363218307496,1.125,NTL,0.45214021801948556
nightlight,R2,True,space2vec,Space2Vec,0.3050093010067939,7.625,0.701307238638401,5.625,NTL,0.39629793763160714
nightlight,R2,True,place2vec,Place2Vec,0.3032502815127372,7.625,0.5270133450627327,9.5,NTL,0.22376306354999548
nightlight,R2,True,sphere2vec_fixed,PE,0.2368081256747245,8.25,0.5634299218654633,9.0,NTL,0.3266217961907387
pm25,R2,True,aether,AETHER,0.5676466852426529,1.75,0.7638573661446572,1.75,PM25,0.19621068090200422
pm25,R2,True,alphaearth,AlphaEarth,0.3899493172764778,4.375,0.6059870511293411,5.75,PM25,0.21603773385286335
pm25,R2,True,tessera,TESSERA,0.3960609316825866,3.625,0.650281311571598,4.875,PM25,0.25422037988901136
pm25,R2,True,satclip,SatCLIP,0.0317718520760536,9.625,0.3309231594204902,8.375,PM25,0.2991513073444366
pm25,R2,True,muse,MuseCL,0.0386777073144912,9.25,0.1420015767216682,10.75,PM25,0.10332386940717699
pm25,R2,True,urban2vec,Urban2Vec,0.0681954190135001,8.875,0.2135631456971168,9.25,PM25,0.1453677266836167
pm25,R2,True,cityfm,CityFM,0.3481673315167427,5.125,0.6632035195827484,3.75,PM25,0.3150361880660057
pm25,R2,True,calliper,CaLLiPer,0.3281031683087348,5.125,0.6832966849207879,3.75,PM25,0.35519351661205306
pm25,R2,True,space2vec,Space2Vec,0.2360207617282867,7.0,0.6232039913535117,5.25,PM25,0.387183229625225
pm25,R2,True,place2vec,Place2Vec,0.0631293579936027,8.25,0.2090550824999809,9.25,PM25,0.1459257245063782
pm25,R2,True,sphere2vec_fixed,PE,0.4920977860689163,3.0,0.7082830384373665,3.25,PM25,0.2161852523684502
lst_day_mean,R2,True,aether,AETHER,0.5001292869448661,2.875,0.7990024045109749,5.875,LST,0.2988731175661088
lst_day_mean,R2,True,alphaearth,AlphaEarth,0.5092444941401482,2.625,0.7945255294442177,6.125,LST,0.28528103530406956
lst_day_mean,R2,True,tessera,TESSERA,0.4652826637029648,4.0,0.7898610055446624,6.625,LST,0.32457834184169765
lst_day_mean,R2,True,satclip,SatCLIP,0.1835613846778869,8.75,0.5565986096858979,9.875,LST,0.373037225008011
lst_day_mean,R2,True,muse,MuseCL,0.1585959210991858,9.25,0.4744948700070381,10.625,LST,0.3158989489078523
lst_day_mean,R2,True,urban2vec,Urban2Vec,0.137084200978279,9.5,0.830419509112835,4.875,LST,0.693335308134556
lst_day_mean,R2,True,cityfm,CityFM,0.4958894520998,3.5,0.7922065779566765,6.0,LST,0.2963171258568765
lst_day_mean,R2,True,calliper,CaLLiPer,0.4397704660892486,4.0,0.976007391512394,1.0,LST,0.5362369254231454
lst_day_mean,R2,True,space2vec,Space2Vec,0.3199699491262435,6.875,0.9673014029860496,2.0,LST,0.6473314538598061
lst_day_mean,R2,True,place2vec,Place2Vec,0.1379228502511977,9.375,0.6891931906342506,8.875,LST,0.5512703403830529
lst_day_mean,R2,True,sphere2vec_fixed,PE,0.3775372669100761,5.25,0.8762430593371391,4.125,LST,0.498705792427063
